Jumping,Stamina,Strength,Aggression,Vision,Crossing,Free_Kick,Short_Passing,Long_Passing,Curve,Interceptions,Heading,Marking,Standing_Tackle,Sliding_Tackle,Positioning,Finishing,Shot_Power,Long_Shot,Volleys,Penalties,Agility,Balance,Reactions,Ball_Control,Dribbling,Composure,Acceleration,Sprint_Speed,Position,Preferred_Foot,Weak_Foot,Attacking_Work_Rate,Defensive_Work_Rate,Name,Age,Overall_Rating,Club,League,Nation,ref_url,Card_Type
45,52,70,73,66,56,64,69,63,76,40,42,26,45,48,66,63,77,78,44,42,69,67,65,66,67,65,55,53,Left Midfielder (LM),Right,3 / 5,High,Med,Tommy McNamara,29 (02-06-1991),64,New England Revolution,MLS,United States,https://www.fifplay.com/fifa-22/players/221696/tommy-mcnamara,Rare bronze
57,63,51,42,57,57,43,56,46,46,24,44,30,33,34,63,58,58,49,43,57,79,69,63,65,67,60,79,76,Left Winger (LW),Right,3 / 5,High,Med,Abou Ouattara,20 (12-26-1999),64,Vitória Guimarães,Liga NOS,Burkina Faso,https://www.fifplay.com/fifa-22/players/242405/abou-ouattara,Rare bronze
0,0,0,0,0,0,0,0,0,0,0,0,0,0,0,0,0,0,0,0,0,0,0,0,0,0,Acceleration 0,Sprint Speed 0,Position Striker (ST),Height / Weight 202 cm / 100 kg,Right,2 / 5,Med,Low,Stefan Maierhofer,38 (08-16-1982),63,FC Admira Wacker Mödling,Österreichische Fußball-Bundesliga,Austria,https://www.fifplay.com/fifa-22/players/179549/stefan-maierhofer,Rare bronze
0,0,0,0,0,0,0,0,0,0,0,0,0,0,0,0,0,0,0,0,0,0,0,0,0,0,Acceleration 0,Sprint Speed 0,Position Left Winger (LW),Height / Weight 180 cm / 71 kg,Right,4 / 5,High,Low,Nikola Mileusnic,27 (07-17-1993),64,Adelaide United,Hyundai A-,Australia,https://www.fifplay.com/fifa-22/players/236342/nikola-mileusnic,Rare bronze
51,66,59,31,55,57,33,60,49,48,26,44,39,28,24,53,54,57,45,43,53,75,60,51,62,61,46,91,93,Right Midfielder (RM),Right,3 / 5,Med,Med,Tymoteusz Klupś,20 (02-26-2000),63,Lech Poznań,Ekstraklasa,Poland,https://www.fifplay.com/fifa-22/players/242604/tymoteusz-klups,Rare bronze
0,0,0,0,0,0,0,0,0,0,0,0,0,0,0,0,0,0,0,0,0,0,0,0,0,0,Acceleration 0,Sprint Speed 0,Position Striker (ST),Height / Weight 198 cm / 78 kg,Right,3 / 5,Med,Low,Nick Woltemade,18 (02-14-2002),60,SV Werder Bremen,Bundesliga,Germany,https://www.fifplay.com/fifa-22/players/254022/woltemade,Rare bronze
49,52,55,41,41,62,70,51,48,63,29,40,19,28,27,41,48,63,55,43,64,85,74,43,59,70,49,78,76,Right Midfielder (RM),Left,3 / 5,Med,Med,Jason Lokilo,22 (09-17-1998),58,Doncaster Rovers,EFL  One,DR Congo,https://www.fifplay.com/fifa-22/players/231267/jason-lokilo,Rare bronze
43,51,50,40,53,50,56,59,52,51,23,45,21,31,43,59,53,58,53,49,54,84,82,52,64,68,51,74,75,Central Attacking Midfielder (CAM),Right,3 / 5,Med,Med,Ateef Konaté,19 (04-04-2001),61,Havre Athletic,Domino's Ligue 2,France,https://www.fifplay.com/fifa-22/players/251524/ateef-konate,Rare bronze
45,38,31,30,55,52,44,60,51,52,26,43,49,27,22,53,42,50,40,39,45,79,91,46,67,71,48,74,67,Right Midfielder (RM),Right,4 / 5,Med,Med,Maurice Čović,22 (04-17-1998),60,Hertha BSC,Bundesliga,Germany,https://www.fifplay.com/fifa-22/players/242454/maurice-covic,Rare bronze
0,0,0,0,0,0,0,0,0,0,0,0,0,0,0,0,0,0,0,0,0,0,0,0,0,0,Acceleration 0,Sprint Speed 0,Position Centre Back (CB),Height / Weight 179 cm / 67 kg,Right,4 / 5,Med,High,Fernando Luiz Rosa,35 (05-04-1985),84,Manchester City,Premier,Brazil,https://www.fifplay.com/fifa-22/players/135507/fernandinho,Rare gold
0,0,0,0,0,0,0,0,0,0,0,0,0,0,0,0,0,0,0,0,0,0,0,0,0,0,Acceleration 0,Sprint Speed 0,Position Central Midfielder (CM),Height / Weight 183 cm / 76 kg,Right,4 / 5,High,High,Franck Yannick Kessié,23 (12-19-1996),77,Milan,Serie A,Ivory Coast,https://www.fifplay.com/fifa-22/players/230938/franck-yannick-kessie,Rare gold
0,0,0,0,0,0,0,0,0,0,0,0,0,0,0,0,0,0,0,0,0,0,0,0,0,0,Acceleration 0,Sprint Speed 0,Position Central Midfielder (CM),Height / Weight 180 cm / 72 kg,Left,2 / 5,High,Med,Lucas Tolentino Coelho de Lima,23 (08-27-1997),76,Milan,Serie A,Brazil,https://www.fifplay.com/fifa-22/players/233927/lucas-tolentino-coelho-de-lima,Rare gold
0,0,0,0,0,0,0,0,0,0,0,0,0,0,0,0,0,0,0,0,0,0,0,0,0,0,Acceleration 0,Sprint Speed 0,Position Right Back (RB),Height / Weight 182 cm / 82 kg,Right,3 / 5,High,Med,Reece James,20 (12-08-1999),77,Chelsea,Premier,England,https://www.fifplay.com/fifa-22/players/238074/reece-james,Rare gold
0,0,0,0,0,0,0,0,0,0,0,0,0,0,0,0,0,0,0,0,0,0,0,0,0,0,Acceleration 0,Sprint Speed 0,Position Right Back (RB),Height / Weight 183 cm / 62 kg,Right,3 / 5,High,Low,Noussair Mazraoui,22 (11-14-1997),77,Ajax,Eredivisie,Morocco,https://www.fifplay.com/fifa-22/players/236401/noussair-mazraoui,Rare gold
0,0,0,0,0,0,0,0,0,0,0,0,0,0,0,0,0,0,0,0,0,0,0,0,0,0,Acceleration 0,Sprint Speed 0,Position Right Midfielder (RM),Height / Weight 187 cm / 65 kg,Left,5 / 5,High,Med,Mason Greenwood,19 (10-01-2001),77,Manchester United,Premier,England,https://www.fifplay.com/fifa-22/players/246147/mason-greenwood,Rare gold
0,0,0,0,0,0,0,0,0,0,0,0,0,0,0,0,0,0,0,0,0,0,0,0,0,0,Acceleration 0,Sprint Speed 0,Position Left Back (LB),Height / Weight 168 cm / 67 kg,Left,3 / 5,High,High,Hassane Kamara,26 (03-05-1994),77,OGC Nice,Ligue 1 Conforama,France,https://www.fifplay.com/fifa-22/players/220421/hassane-kamara,Rare gold
0,0,0,0,0,0,0,0,0,0,0,0,0,0,0,0,0,0,0,0,0,0,0,0,0,0,Acceleration 0,Sprint Speed 0,Position Central Defensive Midfielder (CDM),Height / Weight 181 cm / 79 kg,Right,4 / 5,Med,High,Sandro Tonali,20 (05-08-2000),77,Brescia,,Italy,https://www.fifplay.com/fifa-22/players/241096/sandro-tonali,Rare gold
0,0,0,0,0,0,0,0,0,0,0,0,0,0,0,0,0,0,0,0,0,0,0,0,0,0,Acceleration 0,Sprint Speed 0,Position Striker (ST),Height / Weight 185 cm / 74 kg,Right,4 / 5,High,Med,Luis Javier Suárez,22 (12-02-1997),75,Watford,EFL Championship,Colombia,https://www.fifplay.com/fifa-22/players/245158/luis-javier-suarez,Rare gold
0,0,0,0,0,0,0,0,0,0,0,0,0,0,0,0,0,0,0,0,0,0,0,0,0,0,Acceleration 0,Sprint Speed 0,Position Striker (ST),Height / Weight 188 cm / 75 kg,Right,4 / 5,High,Med,Divock Origi,25 (04-18-1995),77,Liverpool,Premier,Belgium,https://www.fifplay.com/fifa-22/players/213135/divock-origi,Rare gold
0,0,0,0,0,0,0,0,0,0,0,0,0,0,0,0,0,0,0,0,0,0,0,0,0,0,Acceleration 0,Sprint Speed 0,Position Centre Back (CB),Height / Weight 186 cm / 76 kg,Right,5 / 5,Med,High,Thilo Kehrer,24 (09-21-1996),77,Paris Saint-Germain,Ligue 1 Conforama,Germany,https://www.fifplay.com/fifa-22/players/226229/thilo-kehrer,Rare gold
0,0,0,0,0,0,0,0,0,0,0,0,0,0,0,0,0,0,0,0,0,0,0,0,0,0,Acceleration 0,Sprint Speed 0,Position Right Winger (RW),Height / Weight 174 cm / 67 kg,Right,4 / 5,High,Med,Takumi Minamino,25 (01-16-1995),77,Liverpool,Premier,Japan,https://www.fifplay.com/fifa-22/players/226627/takumi-minamino,Rare gold
0,0,0,0,0,0,0,0,0,0,0,0,0,0,0,0,0,0,0,0,0,0,0,0,0,0,Acceleration 0,Sprint Speed 0,Position Left Winger (LW),Height / Weight 171 cm / 68 kg,Left,5 / 5,High,Med,Brahim Díaz,21 (08-03-1999),74,Milan,Serie A,Spain,https://www.fifplay.com/fifa-22/players/231410/brahim-diaz,Rare silver
0,0,0,0,0,0,0,0,0,0,0,0,0,0,0,0,0,0,0,0,0,0,0,0,0,0,Acceleration 0,Sprint Speed 0,Position Right Midfielder (RM),Height / Weight 170 cm / 76 kg,Right,4 / 5,High,High,Daniel James,22 (11-10-1997),77,Manchester United,Premier,Wales,https://www.fifplay.com/fifa-22/players/232104/daniel-james,Rare gold
0,0,0,0,0,0,0,0,0,0,0,0,0,0,0,0,0,0,0,0,0,0,0,0,0,0,Acceleration 0,Sprint Speed 0,Position Striker (ST),Height / Weight 188 cm / 81 kg,Right,4 / 5,High,Low,Rafael da Conceição Leão,21 (06-10-1999),74,Milan,Serie A,Portugal,https://www.fifplay.com/fifa-22/players/241721/rafael-leao,Rare silver
0,0,0,0,0,0,0,0,0,0,0,0,0,0,0,0,0,0,0,0,0,0,0,0,0,0,Acceleration 0,Sprint Speed 0,Position Right Winger (RW),Height / Weight 176 cm / 66 kg,Right,4 / 5,Med,High,Alexis Saelemaekers,21 (06-27-1999),72,Milan,Serie A,Belgium,https://www.fifplay.com/fifa-22/players/242664/alexis-saelemaekers,Rare silver
0,0,0,0,0,0,0,0,0,0,0,0,0,0,0,0,0,0,0,0,0,0,0,0,0,0,Acceleration 0,Sprint Speed 0,Position Left Midfielder (LM),Height / Weight 182 cm / 68 kg,Right,2 / 5,Med,Med,Giovanni Reyna,17 (11-13-2002),68,Borussia Dortmund,Bundesliga,United States,https://www.fifplay.com/fifa-22/players/245541/giovanni-reyna,Rare silver
0,0,0,0,0,0,0,0,0,0,0,0,0,0,0,0,0,0,0,0,0,0,0,0,0,0,Acceleration 0,Sprint Speed 0,Position Left Winger (LW),Height / Weight 178 cm / 66 kg,Right,4 / 5,High,Med,Anssumane Fati,17 (10-31-2002),76,FC Barcelona,LaLiga Santander,Spain,https://www.fifplay.com/fifa-22/players/253004/ansu-fati,Rare gold
56,76,50,65,76,77,72,76,71,83,45,30,45,53,42,75,73,71,73,64,69,95,96,75,79,80,79,92,84,Left Midfielder (LM),Right,4 / 5,High,Med,Ryan Fraser,120 (01-01-1900),79,Newcastle United,Premier,Scotland,https://www.fifplay.com/fifa-22/players/207807/fraser,Rare gold
0,0,0,0,0,0,0,0,0,0,0,0,0,0,0,0,0,0,0,0,0,0,0,0,0,0,Acceleration 0,Sprint Speed 0,Position Right Midfielder (RM),Height / Weight 178 cm / 69 kg,Left,2 / 5,Med,Low,Hernâni Jorge Santos Fortes,29 (08-20-1991),76,Levante UD,LaLiga Santander,Portugal,https://www.fifplay.com/fifa-22/players/212911/hernani,Rare gold
0,0,0,0,0,0,0,0,0,0,0,0,0,0,0,0,0,0,0,0,0,0,0,0,0,0,Acceleration 0,Sprint Speed 0,Position Striker (ST),Height / Weight 189 cm / 84 kg,Right,2 / 5,Med,Med,Silas Wamangituka,20 (10-06-1999),70,VfB Stuttgart,Bundesliga,DR Congo,https://www.fifplay.com/fifa-22/players/245940/silas-katompa-mvumpa,Rare silver
0,0,0,0,0,0,0,0,0,0,0,0,0,0,0,0,0,0,0,0,0,0,0,0,0,0,Acceleration 0,Sprint Speed 0,Position Right Back (RB),Height / Weight 170 cm / 62 kg,Right,4 / 5,High,Low,Sergiño Dest,19 (11-03-2000),75,Ajax,Eredivisie,United States,https://www.fifplay.com/fifa-22/players/251804/sergino-dest,Rare gold
0,0,0,0,0,0,0,0,0,0,0,0,0,0,0,0,0,0,0,0,0,0,0,0,0,0,Acceleration 0,Sprint Speed 0,Position Centre Back (CB),Height / Weight 188 cm / 82 kg,Right,2 / 5,Med,High,Ike Opara,31 (02-21-1989),75,Minnesota United FC,MLS,United States,https://www.fifplay.com/fifa-22/players/190558/ike-opara,Rare gold
0,0,0,0,0,0,0,0,0,0,0,0,0,0,0,0,0,0,0,0,0,0,0,0,0,0,Acceleration 0,Sprint Speed 0,Position Right Winger (RW),Height / Weight 179 cm / 70 kg,Right,4 / 5,High,Med,Farid Boulaya,27 (02-25-1993),72,Football  de Metz,Ligue 1 Conforama,Algeria,https://www.fifplay.com/fifa-22/players/210438/farid-boulaya,Rare silver
0,0,0,0,0,0,0,0,0,0,0,0,0,0,0,0,0,0,0,0,0,0,0,0,0,0,Acceleration 0,Sprint Speed 0,Position Striker (ST),Height / Weight 179 cm / 76 kg,Right,5 / 5,High,High,Jamie Maclaren,27 (07-29-1993),73,Melbourne City,Hyundai A-,Australia,https://www.fifplay.com/fifa-22/players/212232/jamie-maclaren,Rare silver
0,0,0,0,0,0,0,0,0,0,0,0,0,0,0,0,0,0,0,0,0,0,0,0,0,0,Acceleration 0,Sprint Speed 0,Position Left Wing Back (LWB),Height / Weight 183 cm / 76 kg,Left,3 / 5,High,Med,Robert Skov,24 (05-25-1996),75,TSG 1899 Hoffenheim,Bundesliga,Denmark,https://www.fifplay.com/fifa-22/players/215449/robert-skov,Rare gold
0,0,0,0,0,0,0,0,0,0,0,0,0,0,0,0,0,0,0,0,0,0,0,0,0,0,Acceleration 0,Sprint Speed 0,Position Central Attacking Midfielder (CAM),Height / Weight 161 cm / 61 kg,Right,3 / 5,High,Med,Luciano Acosta,26 (05-31-1994),73,Atlas,LIGA Bancomer MX,Argentina,https://www.fifplay.com/fifa-22/players/221634/luciano-acosta,Rare silver
65,74,70,48,75,73,67,73,69,71,30,45,39,40,38,74,66,68,59,60,59,72,64,67,71,74,65,76,85,Right Midfielder (RM),Right,4 / 5,High,Med,David Barbona,121 (01-01-1900),74,Tijuana,LIGA Bancomer MX,Argentina,https://www.fifplay.com/fifa-22/players/227274/david-barbona,Rare silver
0,0,0,0,0,0,0,0,0,0,0,0,0,0,0,0,0,0,0,0,0,0,0,0,0,0,Acceleration 0,Sprint Speed 0,Position Striker (ST),Height / Weight 183 cm / 76 kg,Left,3 / 5,High,Med,Carlos González,27 (02-04-1993),73,U.N.A.M.,LIGA Bancomer MX,Paraguay,https://www.fifplay.com/fifa-22/players/227394/carlos-gonzalez,Rare silver
0,0,0,0,0,0,0,0,0,0,0,0,0,0,0,0,0,0,0,0,0,0,0,0,0,0,Acceleration 0,Sprint Speed 0,Position Left Winger (LW),Height / Weight 176 cm / 72 kg,Right,3 / 5,High,High,Chidera Ejuke,22 (01-02-1998),75,CSKA Moscow,,Nigeria,https://www.fifplay.com/fifa-22/players/238050/chidera-ejuke,Rare gold
0,0,0,0,0,0,0,0,0,0,0,0,0,0,0,0,0,0,0,0,0,0,0,0,0,0,Acceleration 0,Sprint Speed 0,Position Striker (ST),Height / Weight 186 cm / 83 kg,Right,3 / 5,Med,Med,Klaas-Jan Huntelaar,37 (08-12-1983),74,Ajax,Eredivisie,Holland,https://www.fifplay.com/fifa-22/players/148803/klaas-jan-huntelaar,Rare silver
55,72,82,52,74,64,75,76,72,63,58,63,55,59,47,69,64,72,70,69,71,83,70,70,75,76,70,73,77,Central Midfielder (CM),Right,3 / 5,Med,Med,Emiliano Vecchio,31 (11-16-1988),72,Rosario Central,Primera División,Argentina,https://www.fifplay.com/fifa-22/players/179765/emiliano-vecchio,Rare silver
0,0,0,0,0,0,0,0,0,0,0,0,0,0,0,0,0,0,0,0,0,0,0,0,0,0,Acceleration 0,Sprint Speed 0,Position Left Back (LB),Height / Weight 181 cm / 74 kg,Left,2 / 5,Med,High,Marcel Schmelzer,32 (01-22-1988),74,Borussia Dortmund,Bundesliga,Germany,https://www.fifplay.com/fifa-22/players/188802/marcel-schmelzer,Rare silver
0,0,0,0,0,0,0,0,0,0,0,0,0,0,0,0,0,0,0,0,0,0,0,0,0,0,Acceleration 0,Sprint Speed 0,Position Central Attacking Midfielder (CAM),Height / Weight 177 cm / 73 kg,Right,4 / 5,Med,Med,Alexandru Maxim,30 (07-08-1990),72,Gazisehir Gaziantep F.K.,Süper Lig,Romania,https://www.fifplay.com/fifa-22/players/211061/alexandru-maxim,Rare silver
0,0,0,0,0,0,0,0,0,0,0,0,0,0,0,0,0,0,0,0,0,0,0,0,0,0,Acceleration 0,Sprint Speed 0,Position Right Wing Back (RWB),Height / Weight 172 cm / 75 kg,Right,3 / 5,High,Med,DeAndre Yedlin,27 (07-09-1993),76,Newcastle United,Premier,United States,https://www.fifplay.com/fifa-22/players/212722/deandre-yedlin,Rare gold
0,0,0,0,0,0,0,0,0,0,0,0,0,0,0,0,0,0,0,0,0,0,0,0,0,0,Acceleration 0,Sprint Speed 0,Position Centre Back (CB),Height / Weight 192 cm / 95 kg,Right,4 / 5,High,High,Abdoulaye Seck,28 (06-04-1992),69,Royal Antwerp FC,Belgium Pro,Senegal,https://www.fifplay.com/fifa-22/players/217620/abdoulaye-seck,Rare silver
0,0,0,0,0,0,0,0,0,0,0,0,0,0,0,0,0,0,0,0,0,0,0,0,0,0,Acceleration 0,Sprint Speed 0,Position Right Back (RB),Height / Weight 172 cm / 72 kg,Right,4 / 5,High,High,Aurélio Gabriel Ulineia Buta,23 (02-10-1997),76,Royal Antwerp FC,Belgium Pro,Portugal,https://www.fifplay.com/fifa-22/players/234573/aurelio-buta,Rare gold
0,0,0,0,0,0,0,0,0,0,0,0,0,0,0,0,0,0,0,0,0,0,0,0,0,0,Acceleration 0,Sprint Speed 0,Position Striker (ST),Height / Weight 185 cm / 66 kg,Right,3 / 5,High,Med,Timothy Weah,20 (02-22-2000),68,LOSC Lille,Ligue 1 Conforama,United States,https://www.fifplay.com/fifa-22/players/241496/timothy-weah,Rare silver
0,0,0,0,0,0,0,0,0,0,0,0,0,0,0,0,0,0,0,0,0,0,0,0,0,0,Acceleration 0,Sprint Speed 0,Position Right Back (RB),Height / Weight 173 cm / 67 kg,Right,3 / 5,High,Med,Mateu Jaume Morey Bauzá,20 (03-02-2000),66,Borussia Dortmund,Bundesliga,Spain,https://www.fifplay.com/fifa-22/players/248820/mateu-jaume-morey-bauza,Rare silver
77,75,76,62,62,58,25,67,68,62,77,74,81,70,76,52,45,61,43,33,63,67,73,74,55,55,70,73,74,Centre Back (CB),Right,3 / 5,Med,Med,Trent Sainsbury,120 (01-01-1900),73,KV Kortrijk,Belgium Pro,Australia,https://www.fifplay.com/fifa-22/players/199000/sainsbury,Rare silver
75,90,73,82,61,54,47,69,73,60,72,60,69,75,72,58,52,62,68,45,49,62,65,73,68,66,59,65,53,Central Defensive Midfielder (CDM),Right,3 / 5,Med,High,William Soares da Silva,120 (01-01-1900),74,Gil Vicente FC,Liga NOS,Brazil,https://www.fifplay.com/fifa-22/players/200322/william-soares-da-silva,Rare silver
0,0,0,0,0,0,0,0,0,0,0,0,0,0,0,0,0,0,0,0,0,0,0,0,0,0,Acceleration 0,Sprint Speed 0,Position Right Midfielder (RM),Height / Weight 175 cm / 70 kg,Right,3 / 5,High,Med,Tom Barkhuizen,27 (07-04-1993),72,Preston North End,EFL Championship,England,https://www.fifplay.com/fifa-22/players/201240/tom-barkhuizen,Rare silver
31,45,41,32,67,72,58,72,67,69,21,39,24,20,22,67,63,70,61,52,55,90,81,63,78,80,66,85,78,Right Midfielder (RM),Right,5 / 5,Med,Med,Charly Musonda,120 (01-01-1900),73,Chelsea,Premier,Belgium,https://www.fifplay.com/fifa-22/players/204233/musonda,Rare silver
57,86,68,59,72,77,72,71,72,82,66,57,67,69,68,57,47,80,67,57,57,73,67,56,69,59,52,77,75,Left Back (LB),Left,2 / 5,Med,Med,Nicolás Pasquini,121 (01-01-1900),72,Estudiantes de La Plata,Primera División,Argentina,https://www.fifplay.com/fifa-22/players/214772/nicolas-pasquini,Rare silver
66,75,76,92,77,69,69,76,73,65,69,61,67,72,70,71,66,74,68,62,64,67,67,68,75,68,73,65,61,Central Midfielder (CM),Right,3 / 5,High,High,Pablo Pérez,35 (08-10-1985),73,Newell's Old Boys,Primera División,Argentina,https://www.fifplay.com/fifa-22/players/215079/pablo-perez,Rare silver
0,0,0,0,0,0,0,0,0,0,0,0,0,0,0,0,0,0,0,0,0,0,0,0,0,0,Acceleration 0,Sprint Speed 0,Position Central Attacking Midfielder (CAM),Height / Weight 179 cm / 72 kg,Right,4 / 5,High,Low,Evander da Silva Ferreira,22 (06-09-1998),74,FC Midtjylland,Alka Superliga,Brazil,https://www.fifplay.com/fifa-22/players/234505/evander-da-silva-ferreira,Rare silver
82,72,92,71,33,45,27,67,63,25,65,75,72,73,67,36,24,36,27,23,34,52,54,65,56,42,64,53,61,Centre Back (CB),Right,2 / 5,Med,High,Djamel Eddine Benlamri,120 (01-01-1900),72,Al Shabab,Dawry Jameel,Algeria,https://www.fifplay.com/fifa-22/players/235499/djamel-eddine-benlamri,Rare silver
67,56,68,55,27,33,32,57,45,29,68,61,66,65,64,29,24,49,21,32,38,56,58,63,50,49,44,62,64,Centre Back (CB),Right,2 / 5,Med,Med,Marc Guehi,120 (01-01-1900),64,Swansea City,EFL Championship,England,https://www.fifplay.com/fifa-22/players/241159/guehi,Rare bronze
66,75,75,70,44,68,42,65,60,54,64,71,66,71,66,64,40,75,69,38,48,62,60,65,65,68,56,61,66,Centre Back (CB),Right,2 / 5,Med,High,Veysel Sari,32 (07-25-1988),69,Antalyaspor,Süper Lig,Turkey,https://www.fifplay.com/fifa-22/players/194077/veysel-sari,Rare silver
67,75,69,69,59,68,55,66,61,59,65,57,67,70,69,62,38,61,49,44,44,75,63,67,65,68,64,87,82,Right Back (RB),Right,3 / 5,High,Med,Ivo Daniel F. Mendonça Pinto,120 (01-01-1900),72,Rio Ave FC,Liga NOS,Portugal,https://www.fifplay.com/fifa-22/players/197860/f.-mendonca-pinto,Rare silver
79,52,92,66,69,58,59,66,59,62,23,80,42,50,31,79,74,77,75,64,69,46,33,70,66,64,73,49,49,Striker (ST),Left,3 / 5,High,Med,Javier Toledo,34 (04-20-1986),71,Atlético Tucumán,Primera División,Argentina,https://www.fifplay.com/fifa-22/players/198783/javier-toledo,Rare silver
74,67,81,68,42,45,23,68,64,31,75,70,77,75,73,40,30,52,35,26,21,62,53,63,60,56,57,54,61,Centre Back (CB),Right,3 / 5,Low,Med,Bruno Bianchi,31 (02-17-1989),73,Colón de Santa Fe,Primera División,Argentina,https://www.fifplay.com/fifa-22/players/215015/bruno-bianchi,Rare silver
54,31,88,75,44,33,28,54,57,31,67,81,74,74,67,33,23,40,28,31,41,33,34,65,44,44,55,29,49,Centre Back (CB),Right,2 / 5,Med,Med,Jonathan Cabral,28 (05-10-1992),71,Atlético Tucumán,Primera División,Argentina,https://www.fifplay.com/fifa-22/players/221990/jonathan-cabral,Rare silver
72,66,89,69,34,65,47,60,59,49,65,59,62,66,61,38,27,64,43,42,38,44,49,65,58,42,61,55,53,Centre Back (CB),Left,3 / 5,Low,High,Mikel Villanueva,120 (01-01-1900),66,Santa Clara,Liga NOS,Venezuela,https://www.fifplay.com/fifa-22/players/233329/villanueva,Rare silver
0,0,0,0,0,0,0,0,0,0,0,0,0,0,0,0,0,0,0,0,0,0,0,0,0,0,Acceleration 0,Sprint Speed 0,Position Centre Forward (CF),Height / Weight 158 cm / 56 kg,Right,3 / 5,High,High,Chanathip Songkrasin,26 (10-05-1993),73,Hokkaido Consadole Sapporo,Meiji Yasuda J1,Thailand,https://www.fifplay.com/fifa-22/players/234698/chanathip-songkrasin,Rare silver
74,62,86,60,52,24,32,55,48,28,60,66,63,68,67,27,30,59,27,32,35,36,36,50,42,32,56,51,54,Centre Back (CB),Left,3 / 5,Med,Med,Harisson Marcelin,20 (02-12-2000),65,AS Monaco Football  SA,Ligue 1 Conforama,France,https://www.fifplay.com/fifa-22/players/242603/harisson-marcelin,Rare silver
0,0,0,0,0,0,0,0,0,0,0,0,0,0,0,0,0,0,0,0,0,0,0,0,0,0,Acceleration 0,Sprint Speed 0,Position Centre Forward (CF),Height / Weight 185 cm / 72 kg,Right,4 / 5,High,Med,Reinier Jesus Carvalho,18 (01-19-2002),71,Borussia Dortmund,Bundesliga,Brazil,https://www.fifplay.com/fifa-22/players/254544/reinier,Rare silver
0,0,0,0,0,0,0,0,0,0,0,0,0,0,0,0,0,0,0,0,0,0,0,0,0,0,Acceleration 0,Sprint Speed 0,Position Left Midfielder (LM),Height / Weight 177 cm / 71 kg,Right,4 / 5,High,Med,Aiden McGeady,34 (04-04-1986),71,Sunderland,EFL  One,Ireland Republic,https://www.fifplay.com/fifa-22/players/155885/aiden-mcgeady,Rare silver
81,67,84,57,58,42,64,53,40,68,20,80,35,21,14,72,74,80,68,72,70,67,45,71,69,65,59,60,65,Striker (ST),Right,4 / 5,Med,Low,Sebastian Ribas,121 (01-01-1900),72,Central Cordoba,Primera División,Uruguay,https://www.fifplay.com/fifa-22/players/185199/sebastian-ribas,Rare silver
70,80,76,78,60,65,64,72,64,66,62,65,67,69,65,55,46,76,68,53,56,68,63,64,61,65,60,69,60,Centre Back (CB),Right,3 / 5,Med,High,Alpaslan Öztürk,27 (07-16-1993),68,Göztepe SK,Süper Lig,Turkey,https://www.fifplay.com/fifa-22/players/202889/alpaslan-ozturk,Rare silver
71,72,71,71,72,72,65,69,64,70,66,67,70,62,57,72,66,74,73,71,66,68,63,71,75,69,71,54,64,Central Midfielder (CM),Left,3 / 5,Med,Med,Ariel Rojas,34 (01-16-1986),70,Central Cordoba,Primera División,Argentina,https://www.fifplay.com/fifa-22/players/211265/ariel-rojas,Rare silver
58,71,71,56,62,61,35,63,61,64,24,62,30,29,28,65,61,64,62,63,56,78,50,65,67,67,51,82,82,Striker (ST),Right,3 / 5,Med,Low,Lucas Melano,27 (03-01-1993),66,Atlético Tucumán,Primera División,Argentina,https://www.fifplay.com/fifa-22/players/215266/lucas-melano,Rare silver
67,77,72,54,53,35,56,58,35,56,25,70,23,29,16,79,76,70,63,67,72,62,73,78,63,62,72,68,72,Striker (ST),Right,4 / 5,High,Med,Viðar Örn Kjartansson,120 (01-01-1900),71,Vålerenga Fotball,Tippeligaen,Iceland,https://www.fifplay.com/fifa-22/players/221553/kjartansson,Rare silver
85,72,75,54,52,45,42,55,43,44,26,75,28,24,21,66,74,78,66,75,60,68,66,62,68,63,66,78,81,Striker (ST),Right,5 / 5,Med,Med,Maximiliano Romero,21 (01-09-1999),71,PSV,Eredivisie,Argentina,https://www.fifplay.com/fifa-22/players/227903/maximiliano-romero,Rare silver
69,66,82,60,30,24,31,55,53,26,62,67,68,69,65,26,25,33,26,23,40,58,34,61,56,45,50,43,40,Centre Back (CB),Right,3 / 5,Med,High,Harry Souttar,120 (01-01-1900),66,Stoke City,EFL Championship,Australia,https://www.fifplay.com/fifa-22/players/229901/souttar,Rare silver
83,88,68,67,69,60,52,72,70,73,65,58,57,59,55,70,67,80,68,59,54,79,86,71,67,69,71,70,66,Central Midfielder (CM),Right,3 / 5,Med,Med,Guillermo Acosta,31 (10-30-1988),70,Atlético Tucumán,Primera División,Argentina,https://www.fifplay.com/fifa-22/players/232692/guillermo-acosta,Rare silver
69,69,68,59,54,67,35,68,59,64,70,67,68,70,69,61,31,69,63,36,42,69,65,65,66,65,67,66,67,Centre Back (CB),Left,2 / 5,Med,Med,Javier Hernández Carrera,120 (01-01-1900),68,Real Madrid,LaLiga Santander,Spain,https://www.fifplay.com/fifa-22/players/244523/javier-hernandez-carrera,Rare silver
86,78,73,63,52,71,64,66,61,78,64,65,58,66,64,67,51,84,57,47,43,81,85,61,69,76,58,78,79,Left Back (LB),Left,3 / 5,High,Low,Federico Milo,28 (01-10-1992),69,Arsenal de Sarandí,Primera División,Argentina,https://www.fifplay.com/fifa-22/players/215066/federico-milo,Rare silver
80,80,79,80,66,55,47,71,70,73,62,58,60,64,68,58,59,74,58,57,55,74,66,73,72,68,57,64,71,Central Midfielder (CM),Right,3 / 5,Med,High,Francisco Cerro,32 (02-09-1988),69,Central Cordoba,Primera División,Argentina,https://www.fifplay.com/fifa-22/players/215177/francisco-cerro,Rare silver
0,0,0,0,0,0,0,0,0,0,0,0,0,0,0,0,0,0,0,0,0,0,0,0,0,0,Acceleration 0,Sprint Speed 0,Position Striker (ST),Height / Weight 196 cm / 96 kg,Right,3 / 5,Med,Low,Obbi Oularé,24 (01-08-1996),71,Standard de Liège,Belgium Pro,Belgium,https://www.fifplay.com/fifa-22/players/225530/obbi-oulare,Rare silver
0,0,0,0,0,0,0,0,0,0,0,0,0,0,0,0,0,0,0,0,0,0,0,0,0,0,Acceleration 0,Sprint Speed 0,Position Right Midfielder (RM),Height / Weight 170 cm / 74 kg,Right,4 / 5,High,High,Felix Passlack,22 (05-29-1998),68,Borussia Dortmund,Bundesliga,Germany,https://www.fifplay.com/fifa-22/players/228080/felix-passlack,Rare silver
66,70,73,47,57,57,34,65,57,54,14,64,36,30,32,65,64,67,62,51,62,78,75,65,71,74,59,89,92,Left Winger (LW),Left,3 / 5,High,Med,Brian Mansilla,121 (01-01-1900),70,,Liga NOS,Argentina,https://www.fifplay.com/fifa-22/players/228711/brian-mansilla,Rare silver
61,92,81,71,48,64,29,67,54,32,62,60,60,66,62,63,47,65,58,26,44,71,59,68,63,64,60,79,89,Right Back (RB),Right,3 / 5,Med,Med,Barnabás Bese,120 (01-01-1900),70,,Belgium Pro,Hungary,https://www.fifplay.com/fifa-22/players/234172/bese,Rare silver
64,65,57,56,64,47,63,70,68,65,62,58,54,60,47,49,45,57,58,47,37,63,69,68,68,60,52,56,59,Central Midfielder (CM),Left,3 / 5,High,Med,Enrique Pérez Muñoz,120 (01-01-1900),64,R. Valladolid CF,LaLiga Santander,Spain,https://www.fifplay.com/fifa-22/players/236760/perez-munoz,Rare bronze
81,58,93,78,63,63,64,69,68,64,15,74,21,43,41,62,67,77,68,68,63,61,52,68,54,68,58,56,59,Striker (ST),Right,1 / 5,Low,Low,Colin Kazim-Richards,120 (01-01-1900),68,Pachuca,LIGA Bancomer MX,Turkey,https://www.fifplay.com/fifa-22/players/166114/colin-kazim-richards,Rare silver
0,0,0,0,0,0,0,0,0,0,0,0,0,0,0,0,0,0,0,0,0,0,0,0,0,0,Acceleration 0,Sprint Speed 0,Position Striker (ST),Height / Weight 178 cm / 71 kg,Right,4 / 5,High,Low,Kensuke Nagai,31 (03-05-1989),70,F.C. Tokyo,Meiji Yasuda J1,Japan,https://www.fifplay.com/fifa-22/players/212819/kensuke-nagai,Rare silver
51,73,60,74,59,60,67,70,56,65,62,51,66,63,67,48,34,64,65,45,41,79,71,61,65,68,65,83,84,Left Back (LB),Right,5 / 5,Med,Med,Georgiy Tigiev,120 (01-01-1900),69,Spartak Moscow,,Russia,https://www.fifplay.com/fifa-22/players/228674/tigiev,Rare silver
0,0,0,0,0,0,0,0,0,0,0,0,0,0,0,0,0,0,0,0,0,0,0,0,0,0,Acceleration 0,Sprint Speed 0,Position Left Back (LB),Height / Weight 178 cm / 71 kg,Left,3 / 5,High,Med,Anibal Chalá,24 (05-09-1996),69,Dijon FCO,Ligue 1 Conforama,Ecuador,https://www.fifplay.com/fifa-22/players/236943/anibal-chala,Rare silver
0,0,0,0,0,0,0,0,0,0,0,0,0,0,0,0,0,0,0,0,0,0,0,0,0,0,Acceleration 0,Sprint Speed 0,Position Central Defensive Midfielder (CDM),Height / Weight 183 cm / 74 kg,Right,3 / 5,Med,Med,Jean-Manuel Mbom,20 (02-24-2000),64,SV Werder Bremen,Bundesliga,Germany,https://www.fifplay.com/fifa-22/players/241150/jean-manuel-mbom,Rare bronze
0,0,0,0,0,0,0,0,0,0,0,0,0,0,0,0,0,0,0,0,0,0,0,0,0,0,Acceleration 0,Sprint Speed 0,Position Centre Back (CB),Height / Weight 201 cm / 95 kg,Left,3 / 5,Med,Med,Aleksandar Vukotić,25 (07-22-1995),68,Waasland-Beveren,Belgium Pro,Serbia,https://www.fifplay.com/fifa-22/players/243628/aleksandar-vukotic,Rare silver
0,0,0,0,0,0,0,0,0,0,0,0,0,0,0,0,0,0,0,0,0,0,0,0,0,0,Acceleration 0,Sprint Speed 0,Position Centre Back (CB),Height / Weight 199 cm / 99 kg,Right,2 / 5,High,Med,Tomáš Petrášek,28 (02-02-1992),67,Rakow Czestochowa,Ekstraklasa,Czech Republic,https://www.fifplay.com/fifa-22/players/251019/tomas-petrasek,Rare silver
0,0,0,0,0,0,0,0,0,0,0,0,0,0,0,0,0,0,0,0,0,0,0,0,0,0,Acceleration 0,Sprint Speed 0,Position Right Midfielder (RM),Height / Weight 178 cm / 85 kg,Right,3 / 5,Med,Med,Ilson Pereira Junior,34 (10-12-1985),68,Philadelphia Union,MLS,Brazil,https://www.fifplay.com/fifa-22/players/177138/ilsinho,Rare silver
0,0,0,0,0,0,0,0,0,0,0,0,0,0,0,0,0,0,0,0,0,0,0,0,0,0,Acceleration 0,Sprint Speed 0,Position Striker (ST),Height / Weight 188 cm / 92 kg,Left,0 / 5,NA,NA,Ariel Nahuelpan,32 (10-15-1987),72,Tijuana,LIGA Bancomer MX,Argentina,https://www.fifplay.com/fifa-22/players/189451/ariel-nahuelpan,Rare silver
75,78,78,67,41,61,42,58,45,45,55,60,63,67,65,49,37,46,35,37,42,68,71,61,56,53,59,78,83,Centre Back (CB),Left,4 / 5,High,Med,Marco Komenda,23 (11-26-1996),65,Holstein Kiel,Bundesliga 2,Germany,https://www.fifplay.com/fifa-22/players/224093/marco-komenda,Rare silver
74,78,80,74,63,53,40,67,68,45,65,58,58,62,60,56,47,73,52,44,41,69,58,70,70,63,59,68,66,Central Defensive Midfielder (CDM),Right,4 / 5,Med,Med,Leandro Maciel,121 (01-01-1900),68,Atlético Aldosivi,Primera División,Argentina,https://www.fifplay.com/fifa-22/players/234223/leandro-maciel,Rare silver
59,65,60,65,59,59,37,61,53,51,34,55,53,53,34,63,62,63,57,57,46,83,83,62,68,70,57,90,83,Right Midfielder (RM),Left,4 / 5,High,Med,Sam Nicholson,25 (01-20-1995),67,Bristol Rovers,EFL  One,Scotland,https://www.fifplay.com/fifa-22/players/219684/sam-nicholson,Rare silver
0,0,0,0,0,0,0,0,0,0,0,0,0,0,0,0,0,0,0,0,0,0,0,0,0,0,Acceleration 0,Sprint Speed 0,Position Striker (ST),Height / Weight 182 cm / 64 kg,Right,4 / 5,Med,Med,Jonathan Leko,21 (04-24-1999),67,Birmingham City,EFL Championship,England,https://www.fifplay.com/fifa-22/players/231408/jonathan-leko,Rare silver
61,46,50,52,49,37,38,55,38,46,26,64,28,27,24,64,67,72,65,63,63,66,69,64,63,62,58,64,63,Striker (ST),Right,3 / 5,Med,Med,Borja Garcés Moreno,120 (01-01-1900),64,Atlético Madrid,LaLiga Santander,Spain,https://www.fifplay.com/fifa-22/players/243652/garces-moreno,Rare bronze
78,81,77,62,29,29,29,50,36,31,62,58,60,65,60,30,23,40,33,29,36,67,69,54,44,38,55,61,70,Centre Back (CB),Right,3 / 5,Low,Med,Andrés Reyes,21 (09-08-1999),62,,MLS,Colombia,https://www.fifplay.com/fifa-22/players/246048/andres-reyes,Rare bronze
56,78,48,62,45,59,46,60,62,42,52,54,54,62,62,58,55,63,58,34,50,74,74,62,64,66,59,85,85,Left Back (LB),Left,3 / 5,Med,Med,Jonas Carls,120 (01-01-1900),66,Vitória Guimarães,Liga NOS,Germany,https://www.fifplay.com/fifa-22/players/248230/carls,Rare silver
0,0,0,0,0,0,0,0,0,0,0,0,0,0,0,0,0,0,0,0,0,0,0,0,0,0,Acceleration 0,Sprint Speed 0,Position Striker (ST),Height / Weight 178 cm / 110 kg,Right,3 / 5,Low,Low,Adebayo Akinfenwa,38 (05-10-1982),65,Wycombe Wanderers,EFL Championship,England,https://www.fifplay.com/fifa-22/players/156321/adebayo-akinfenwa,Rare silver
66,66,68,32,61,62,57,59,62,59,17,29,27,18,15,60,56,68,57,42,59,71,67,55,60,68,49,78,79,Left Midfielder (LM),Right,3 / 5,Med,Low,Hakeeb Adelakun,24 (06-11-1996),65,Bristol City,EFL Championship,England,https://www.fifplay.com/fifa-22/players/212513/hakeeb-adelakun,Rare silver
